{
  "0": 0.0013201117427270592,
  "1": 0.0013201117427270592,
  "2": 0.00011379531249244845,
  "3": 0.00011379531249244845,
  "4": 0.00011379531249244845,
  "5": 5.401312648944945e-05,
  "6": 5.401312648944945e-05,
  "7": 5.401312648944945e-05,
  "8": 5.401312648944945e-05,
  "9": 5.401312648944945e-05,
  "10": 6.0016206158697294e-05,
  "11": 6.0016206158697294e-05,
  "12": 6.0016206158697294e-05,
  "13": 6.0016206158697294e-05,
  "14": 6.0016206158697294e-05,
  "15": 0.00014709733112749923,
  "16": 0.00014709733112749923,
  "17": 0.00014709733112749923,
  "18": 0.00014709733112749923,
  "19": 0.00014709733112749923,
  "20": 0.0002492794452859659,
  "21": 0.0002492794452859659,
  "22": 0.0002492794452859659,
  "23": 0.0002492794452859659,
  "24": 0.0002492794452859659,
  "25": 0.0003345030664796411,
  "26": 0.0003345030664796411,
  "27": 0.0003345030664796411,
  "28": 0.0003345030664796411,
  "29": 0.0003345030664796411,
  "30": 0.0004509138555652825,
  "31": 0.0004509138555652825,
  "32": 0.0004509138555652825,
  "33": 0.0004509138555652825,
  "34": 0.0004509138555652825,
  "35": 0.0005885563496120794,
  "36": 0.0005885563496120794,
  "37": 0.0005885563496120794,
  "38": 0.0005885563496120794,
  "39": 0.0005885563496120794,
  "40": 0.0007908082733218968,
  "41": 0.0007908082733218968,
  "42": 0.0007908082733218968,
  "43": 0.0007908082733218968,
  "44": 0.0007908082733218968,
  "45": 0.0011954100673863266,
  "46": 0.0011954100673863266,
  "47": 0.0011954100673863266,
  "48": 0.0011954100673863266,
  "49": 0.0011954100673863266,
  "50": 0.0018869421205401915,
  "51": 0.0018869421205401915,
  "52": 0.0018869421205401915,
  "53": 0.0018869421205401915,
  "54": 0.0018869421205401915,
  "55": 0.002807197447885379,
  "56": 0.002807197447885379,
  "57": 0.002807197447885379,
  "58": 0.002807197447885379,
  "59": 0.002807197447885379,
  "60": 0.003909051148982656,
  "61": 0.003909051148982656,
  "62": 0.003909051148982656,
  "63": 0.003909051148982656,
  "64": 0.003909051148982656,
  "65": 0.006025797996462412,
  "66": 0.006025797996462412,
  "67": 0.006025797996462412,
  "68": 0.006025797996462412,
  "69": 0.006025797996462412,
  "70": 0.009285542934539759,
  "71": 0.009285542934539759,
  "72": 0.009285542934539759,
  "73": 0.009285542934539759,
  "74": 0.009285542934539759,
  "75": 0.015110093990090556,
  "76": 0.015110093990090556,
  "77": 0.015110093990090556,
  "78": 0.015110093990090556,
  "79": 0.015110093990090556,
  "80": 0.025523674761165904,
  "81": 0.025523674761165904,
  "82": 0.025523674761165904,
  "83": 0.025523674761165904,
  "84": 0.025523674761165904,
  "85": 0.25943170884796984,
  "86": 0.25943170884796984,
  "87": 0.25943170884796984,
  "88": 0.25943170884796984,
  "89": 0.25943170884796984,
  "90": 0.25943170884796984,
  "91": 0.25943170884796984,
  "92": 0.25943170884796984,
  "93": 0.25943170884796984,
  "94": 0.25943170884796984,
  "95": 0.25943170884796984,
  "96": 0.25943170884796984,
  "97": 0.25943170884796984,
  "98": 0.25943170884796984,
  "99": 0.25943170884796984,
  "100": 0.25943170884796984,
  "101": 0.25943170884796984,
  "102": 0.25943170884796984,
  "103": 0.25943170884796984,
  "104": 0.25943170884796984,
  "105": 0.25943170884796984,
  "106": 0.25943170884796984,
  "107": 0.25943170884796984,
  "108": 0.25943170884796984,
  "109": 0.25943170884796984,
  "110": 0.25943170884796984,
  "111": 0.25943170884796984,
  "112": 0.25943170884796984,
  "113": 0.25943170884796984,
  "114": 0.25943170884796984,
  "115": 0.25943170884796984,
  "116": 0.25943170884796984,
  "117": 0.25943170884796984,
  "118": 0.25943170884796984,
  "119": 0.25943170884796984,
  "120": 0.25943170884796984,
  "121": 0.25943170884796984,
  "122": 0.25943170884796984,
  "123": 0.25943170884796984,
  "124": 0.25943170884796984,
  "125": 0.25943170884796984,
  "126": 0.25943170884796984,
  "127": 0.25943170884796984,
  "128": 0.25943170884796984,
  "129": 0.25943170884796984,
  "130": 0.25943170884796984
}