{
  "0": 0.0013201117427270592,
  "1": 0.0013201117427270592,
  "2": 0.00011379531249244845,
  "3": 0.00011379531249244845,
  "4": 0.00011379531249244845,
  "5": 5.401312648944945e-05,
  "6": 5.401312648944945e-05,
  "7": 5.401312648944945e-05,
  "8": 5.401312648944945e-05,
  "9": 5.401312648944945e-05,
  "10": 6.0016206158697294e-05,
  "11": 6.0016206158697294e-05,
  "12": 6.0016206158697294e-05,
  "13": 6.0016206158697294e-05,
  "14": 6.0016206158697294e-05,
  "15": 0.00014709733112749923,
  "16": 0.00014709733112749923,
  "17": 0.00014709733112749923,
  "18": 0.00014709733112749923,
  "19": 0.00014709733112749923,
  "20": 0.0002492794452859659,
  "21": 0.0002492794452859659,
  "22": 0.0002492794452859659,
  "23": 0.0002492794452859659,
  "24": 0.0002492794452859659,
  "25": 0.0003345030664796411,
  "26": 0.0003345030664796411,
  "27": 0.0003345030664796411,
  "28": 0.0003345030664796411,
  "29": 0.0003345030664796411,
  "30": 0.0004509138555652825,
  "31": 0.0004509138555652825,
  "32": 0.0004509138555652825,
  "33": 0.0004509138555652825,
  "34": 0.0004509138555652825,
  "35": 0.0005885563496120794,
  "36": 0.0005885563496120794,
  "37": 0.0005885563496120794,
  "38": 0.0005885563496120794,
  "39": 0.0005885563496120794,
  "40": 0.0007908082733218968,
  "41": 0.0007908082733218968,
  "42": 0.0007908082733218968,
  "43": 0.0007908082733218968,
  "44": 0.0007908082733218968,
  "45": 0.0011954100673863266,
  "46": 0.0011954100673863266,
  "47": 0.0011954100673863266,
  "48": 0.0011954100673863266,
  "49": 0.0011954100673863266,
  "50": 0.0018869421205401915,
  "51": 0.0018869421205401915,
  "52": 0.0018869421205401915,
  "53": 0.0018869421205401915,
  "54": 0.0018869421205401915,
  "55": 0.002807197447885379,
  "56": 0.002807197447885379,
  "57": 0.002807197447885379,
  "58": 0.002807197447885379,
  "59": 0.002807197447885379,
  "60": 0.003909051148982656,
  "61": 0.003909051148982656,
  "62": 0.003909051148982656,
  "63": 0.003909051148982656,
  "64": 0.003909051148982656,
  "65": 0.006025797996462412,
  "66": 0.006025797996462412,
  "67": 0.006025797996462412,
  "68": 0.006025797996462412,
  "69": 0.006025797996462412,
  "70": 0.009285542934539759,
  "71": 0.009285542934539759,
  "72": 0.009285542934539759,
  "73": 0.009285542934539759,
  "74": 0.009285542934539759,
  "75": 0.015110093990090556,
  "76": 0.015110093990090556,
  "77": 0.015110093990090556,
  "78": 0.015110093990090556,
  "79": 0.015110093990090556,
  "80": 0.025523674761165904,
  "81": 0.025523674761165904,
  "82": 0.025523674761165904,
  "83": 0.025523674761165904,
  "84": 0.025523674761165904,
  "85": 0.029279724121379545,
  "86": 0.031856685016803464,
  "87": 0.0346604488502952,
  "88": 0.0377109769541387,
  "89": 0.04102998749317889,
  "90": 0.04464111008679821,
  "91": 0.048570054039449535,
  "92": 0.05284479137745936,
  "93": 0.05749575599522747,
  "94": 0.06255606032863988,
  "95": 0.06806173109829633,
  "96": 0.07405196580092112,
  "97": 0.08056941177504158,
  "98": 0.08766046982773634,
  "99": 0.09537562458411666,
  "100": 0.1037698039114566,
  "101": 0.11290276997688387,
  "102": 0.1228395447227575,
  "103": 0.13365087278889465,
  "104": 0.14541372517741064,
  "105": 0.15821184724600246,
  "106": 0.17213635493110155,
  "107": 0.18728638344569262,
  "108": 0.20376979307018808,
  "109": 0.22170393706121957,
  "110": 0.24121649714545612,
  "111": 0.2624463925467277,
  "112": 0.2855447690182524,
  "113": 0.3106760749213567,
  "114": 0.33801923201181383,
  "115": 0.3677689092691768,
  "116": 0.40013690883811276,
  "117": 0.4353536739489119,
  "118": 0.4736699295527786,
  "119": 0.5,
  "120": 0.5,
  "121": 0.5,
  "122": 0.5,
  "123": 0.5,
  "124": 0.5,
  "125": 0.5,
  "126": 0.5,
  "127": 0.5,
  "128": 0.5,
  "129": 0.5,
  "130": 0.5
}